{"cameraMode":{"drawMode":0,"name":"Shaded","section":"Shading Mode"},"sceneLighting":false,"audioPlay":false,"sceneViewState":{"showFog":true,"showMaterialUpdate":false,"showSkybox":false,"showFlares":true,"showImageEffects":true,"showParticleSystems":true},"in2DMode":false,"pivot":{"x":0.8601921796798706,"y":36.24397277832031,"z":-4.333110332489014},"rotation":{"x":0.6529417634010315,"y":-0.11003105342388153,"z":0.09668013453483582,"w":0.7431129217147827},"size":36.569007873535159,"orthographic":true}