{"cameraMode":{"drawMode":0,"name":"Shaded","section":"Shading Mode"},"sceneLighting":true,"audioPlay":false,"sceneViewState":{"showFog":true,"showMaterialUpdate":false,"showSkybox":true,"showFlares":true,"showImageEffects":true,"showParticleSystems":true},"in2DMode":false,"pivot":{"x":9.928611755371094,"y":20.00147819519043,"z":-0.04932594299316406},"rotation":{"x":0.6529417634010315,"y":-0.11003105342388153,"z":0.09668013453483582,"w":0.7431129217147827},"size":851.8779907226563,"orthographic":true}