{"cameraMode":{"drawMode":0,"name":"Shaded","section":"Shading Mode"},"sceneLighting":false,"audioPlay":false,"sceneViewState":{"showFog":true,"showMaterialUpdate":false,"showSkybox":false,"showFlares":true,"showImageEffects":true,"showParticleSystems":true},"in2DMode":false,"pivot":{"x":-4.12363338470459,"y":36.258636474609378,"z":-5.335386753082275},"rotation":{"x":0.6529417634010315,"y":-0.11003105342388153,"z":0.09668013453483582,"w":0.7431129217147827},"size":36.9423713684082,"orthographic":true}